,Unnamed: 0,#,Name,Type 1,Type 2,HP,Attack,Defense,Sp. Atk,Sp. Def,Speed,Generation,Legendary,Type
0,0,1,Bulbasaur,Grass,Poison,45,49,49,65,65,45,Test 1,Test 2,
1,1,2,Ivysaur,Grass,Poison,60,62,63,80,80,60,Test 1,Test 2,
2,2,3,Venusaur,Grass,Poison,80,82,83,100,100,80,Test 1,Test 2,
3,3,3,VenusaurMega Venusaur,Grass,Poison,80,100,123,122,120,80,Test 1,Test 2,
4,4,4,Charmander,Flamer,,39,52,43,60,50,65,Test 1,Test 2,Flamer
5,5,5,Charmeleon,Flamer,,58,64,58,80,65,80,Test 1,Test 2,Flamer
6,6,6,Charizard,Flamer,Flying,78,84,78,109,85,100,Test 1,Test 2,Flamer
7,7,6,CharizardMega Charizard X,Flamer,Dragon,78,130,111,130,85,100,Test 1,Test 2,Flamer
8,8,6,CharizardMega Charizard Y,Flamer,Flying,78,104,78,159,115,100,Test 1,Test 2,Flamer
9,9,7,Squirtle,Water,,44,48,65,50,64,43,Test 1,Test 2,
10,10,8,Wartortle,Water,,59,63,80,65,80,58,Test 1,Test 2,
11,11,9,Blastoise,Water,,79,83,100,85,105,78,Test 1,Test 2,
12,12,9,BlastoiseMega Blastoise,Water,,79,103,120,135,115,78,Test 1,Test 2,
13,13,10,Caterpie,Bug,,45,30,35,20,20,45,Test 1,Test 2,
14,14,11,Metapod,Bug,,50,20,55,25,25,30,Test 1,Test 2,
15,15,12,Butterfree,Bug,Flying,60,45,50,90,80,70,Test 1,Test 2,
16,16,13,Weedle,Bug,Poison,40,35,30,20,20,50,Test 1,Test 2,
17,17,14,Kakuna,Bug,Poison,45,25,50,25,25,35,Test 1,Test 2,
18,18,15,Beedrill,Bug,Poison,65,90,40,45,80,75,Test 1,Test 2,
19,19,15,BeedrillMega Beedrill,Bug,Poison,65,150,40,15,80,145,Test 1,Test 2,
20,20,16,Pidgey,Normal,Flying,40,45,40,35,35,56,Test 1,Test 2,
21,21,17,Pidgeotto,Normal,Flying,63,60,55,50,50,71,Test 1,Test 2,
22,22,18,Pidgeot,Normal,Flying,83,80,75,70,70,101,Test 1,Test 2,
23,23,18,PidgeotMega Pidgeot,Normal,Flying,83,80,80,135,80,121,Test 1,Test 2,
24,24,19,Rattata,Normal,,30,56,35,25,35,72,Test 1,Test 2,
25,25,20,Raticate,Normal,,55,81,60,50,70,97,Test 1,Test 2,
26,26,21,Spearow,Normal,Flying,40,60,30,31,31,70,Test 1,Test 2,
27,27,22,Fearow,Normal,Flying,65,90,65,61,61,100,Test 1,Test 2,
28,28,23,Ekans,Poison,,35,60,44,40,54,55,Test 1,Test 2,
29,29,24,Arbok,Poison,,60,85,69,65,79,80,Test 1,Test 2,
30,30,25,Pikachu,Electric,,35,55,40,50,50,90,Test 1,Test 2,
31,31,26,Raichu,Electric,,60,90,55,90,80,110,Test 1,Test 2,
32,32,27,Sandshrew,Ground,,50,75,85,20,30,40,Test 1,Test 2,
33,33,28,Sandslash,Ground,,75,100,110,45,55,65,Test 1,Test 2,
34,34,29,Nidoran (Female),Poison,,55,47,52,40,40,41,Test 1,Test 2,
35,35,30,Nidorina,Poison,,70,62,67,55,55,56,Test 1,Test 2,
36,36,31,Nidoqueen,Poison,Ground,90,92,87,75,85,76,Test 1,Test 2,
37,37,32,Nidoran (Male),Poison,,46,57,40,40,40,50,Test 1,Test 2,
38,38,33,Nidorino,Poison,,61,72,57,55,55,65,Test 1,Test 2,
39,39,34,Nidoking,Poison,Ground,81,102,77,85,75,85,Test 1,Test 2,
40,40,35,Clefairy,Fairy,,70,45,48,60,65,35,Test 1,Test 2,
41,41,36,Clefable,Fairy,,95,70,73,95,90,60,Test 1,Test 2,
42,42,37,Vulpix,Flamer,,38,41,40,50,65,65,Test 1,Test 2,Flamer
43,43,38,Ninetales,Flamer,,73,76,75,81,100,100,Test 1,Test 2,Flamer
44,44,39,Jigglypuff,Normal,Fairy,115,45,20,45,25,20,Test 1,Test 2,
45,45,40,Wigglytuff,Normal,Fairy,140,70,45,85,50,45,Test 1,Test 2,
46,46,41,Zubat,Poison,Flying,40,45,35,30,40,55,Test 1,Test 2,
47,47,42,Golbat,Poison,Flying,75,80,70,65,75,90,Test 1,Test 2,
48,48,43,Oddish,Grass,Poison,45,50,55,75,65,30,Test 1,Test 2,
49,49,44,Gloom,Grass,Poison,60,65,70,85,75,40,Test 1,Test 2,
50,50,45,Vileplume,Grass,Poison,75,80,85,110,90,50,Test 1,Test 2,
51,51,46,Paras,Bug,Grass,35,70,55,45,55,25,Test 1,Test 2,
52,52,47,Parasect,Bug,Grass,60,95,80,60,80,30,Test 1,Test 2,
53,53,48,Venonat,Bug,Poison,60,55,50,40,55,45,Test 1,Test 2,
54,54,49,Venomoth,Bug,Poison,70,65,60,90,75,90,Test 1,Test 2,
55,55,50,Diglett,Ground,,10,55,25,35,45,95,Test 1,Test 2,
56,56,51,Dugtrio,Ground,,35,80,50,50,70,120,Test 1,Test 2,
57,57,52,Meowth,Normal,,40,45,35,40,40,90,Test 1,Test 2,
58,58,53,Persian,Normal,,65,70,60,65,65,115,Test 1,Test 2,
59,59,54,Psyduck,Water,,50,52,48,65,50,55,Test 1,Test 2,
60,60,55,Golduck,Water,,80,82,78,95,80,85,Test 1,Test 2,
61,61,56,Mankey,Fighting,,40,80,35,35,45,70,Test 1,Test 2,
62,62,57,Primeape,Fighting,,65,105,60,60,70,95,Test 1,Test 2,
63,63,58,Growlithe,Flamer,,55,70,45,70,50,60,Test 1,Test 2,Flamer
64,64,59,Arcanine,Flamer,,90,110,80,100,80,95,Test 1,Test 2,Flamer
65,65,60,Poliwag,Water,,40,50,40,40,40,90,Test 1,Test 2,
66,66,61,Poliwhirl,Water,,65,65,65,50,50,90,Test 1,Test 2,
67,67,62,Poliwrath,Water,Fighting,90,95,95,70,90,70,Test 1,Test 2,
68,68,63,Abra,Psychic,,25,20,15,105,55,90,Test 1,Test 2,
69,69,64,Kadabra,Psychic,,40,35,30,120,70,105,Test 1,Test 2,
70,70,65,Alakazam,Psychic,,55,50,45,135,95,120,Test 1,Test 2,
71,71,65,AlakazamMega Alakazam,Psychic,,55,50,65,175,95,150,Test 1,Test 2,
72,72,66,Machop,Fighting,,70,80,50,35,35,35,Test 1,Test 2,
73,73,67,Machoke,Fighting,,80,100,70,50,60,45,Test 1,Test 2,
74,74,68,Machamp,Fighting,,90,130,80,65,85,55,Test 1,Test 2,
75,75,69,Bellsprout,Grass,Poison,50,75,35,70,30,40,Test 1,Test 2,
76,76,70,Weepinbell,Grass,Poison,65,90,50,85,45,55,Test 1,Test 2,
77,77,71,Victreebel,Grass,Poison,80,105,65,100,70,70,Test 1,Test 2,
78,78,72,Tentacool,Water,Poison,40,40,35,50,100,70,Test 1,Test 2,
79,79,73,Tentacruel,Water,Poison,80,70,65,80,120,100,Test 1,Test 2,
80,80,74,Geodude,Rock,Ground,40,80,100,30,30,20,Test 1,Test 2,
81,81,75,Graveler,Rock,Ground,55,95,115,45,45,35,Test 1,Test 2,
82,82,76,Golem,Rock,Ground,80,120,130,55,65,45,Test 1,Test 2,
83,83,77,Ponyta,Flamer,,50,85,55,65,65,90,Test 1,Test 2,Flamer
84,84,78,Rapidash,Flamer,,65,100,70,80,80,105,Test 1,Test 2,Flamer
85,85,79,Slowpoke,Water,Psychic,90,65,65,40,40,15,Test 1,Test 2,
86,86,80,Slowbro,Water,Psychic,95,75,110,100,80,30,Test 1,Test 2,
87,87,80,SlowbroMega Slowbro,Water,Psychic,95,75,180,130,80,30,Test 1,Test 2,
88,88,81,Magnemite,Electric,Steel,25,35,70,95,55,45,Test 1,Test 2,
89,89,82,Magneton,Electric,Steel,50,60,95,120,70,70,Test 1,Test 2,
90,90,83,Farfetch'd,Normal,Flying,52,65,55,58,62,60,Test 1,Test 2,
91,91,84,Doduo,Normal,Flying,35,85,45,35,35,75,Test 1,Test 2,
92,92,85,Dodrio,Normal,Flying,60,110,70,60,60,100,Test 1,Test 2,
93,93,86,Seel,Water,,65,45,55,45,70,45,Test 1,Test 2,
94,94,87,Dewgong,Water,Ice,90,70,80,70,95,70,Test 1,Test 2,
95,95,88,Grimer,Poison,,80,80,50,40,50,25,Test 1,Test 2,
96,96,89,Muk,Poison,,105,105,75,65,100,50,Test 1,Test 2,
97,97,90,Shellder,Water,,30,65,100,45,25,40,Test 1,Test 2,
98,98,91,Cloyster,Water,Ice,50,95,180,85,45,70,Test 1,Test 2,
99,99,92,Gastly,Ghost,Poison,30,35,30,100,35,80,Test 1,Test 2,
100,100,93,Haunter,Ghost,Poison,45,50,45,115,55,95,Test 1,Test 2,
101,101,94,Gengar,Ghost,Poison,60,65,60,130,75,110,Test 1,Test 2,
102,102,94,GengarMega Gengar,Ghost,Poison,60,65,80,170,95,130,Test 1,Test 2,
103,103,95,Onix,Rock,Ground,35,45,160,30,45,70,Test 1,Test 2,
104,104,96,Drowzee,Psychic,,60,48,45,43,90,42,Test 1,Test 2,
105,105,97,Hypno,Psychic,,85,73,70,73,115,67,Test 1,Test 2,
106,106,98,Krabby,Water,,30,105,90,25,25,50,Test 1,Test 2,
107,107,99,Kingler,Water,,55,130,115,50,50,75,Test 1,Test 2,
108,108,100,Voltorb,Electric,,40,30,50,55,55,100,Test 1,Test 2,
109,109,101,Electrode,Electric,,60,50,70,80,80,140,Test 1,Test 2,
110,110,102,Exeggcute,Grass,Psychic,60,40,80,60,45,40,Test 1,Test 2,
111,111,103,Exeggutor,Grass,Psychic,95,95,85,125,65,55,Test 1,Test 2,
112,112,104,Cubone,Ground,,50,50,95,40,50,35,Test 1,Test 2,
113,113,105,Marowak,Ground,,60,80,110,50,80,45,Test 1,Test 2,
114,114,106,Hitmonlee,Fighting,,50,120,53,35,110,87,Test 1,Test 2,
115,115,107,Hitmonchan,Fighting,,50,105,79,35,110,76,Test 1,Test 2,
116,116,108,Lickitung,Normal,,90,55,75,60,75,30,Test 1,Test 2,
117,117,109,Koffing,Poison,,40,65,95,60,45,35,Test 1,Test 2,
118,118,110,Weezing,Poison,,65,90,120,85,70,60,Test 1,Test 2,
119,119,111,Rhyhorn,Ground,Rock,80,85,95,30,30,25,Test 1,Test 2,
120,120,112,Rhydon,Ground,Rock,105,130,120,45,45,40,Test 1,Test 2,
121,121,113,Chansey,Normal,,250,5,5,35,105,50,1,False,
122,122,114,Tangela,Grass,,65,55,115,100,40,60,Test 1,Test 2,
123,123,115,Kangaskhan,Normal,,105,95,80,40,80,90,Test 1,Test 2,
124,124,115,KangaskhanMega Kangaskhan,Normal,,105,125,100,60,100,100,Test 1,Test 2,
125,125,116,Horsea,Water,,30,40,70,70,25,60,Test 1,Test 2,
126,126,117,Seadra,Water,,55,65,95,95,45,85,Test 1,Test 2,
127,127,118,Goldeen,Water,,45,67,60,35,50,63,Test 1,Test 2,
128,128,119,Seaking,Water,,80,92,65,65,80,68,Test 1,Test 2,
129,129,120,Staryu,Water,,30,45,55,70,55,85,Test 1,Test 2,
130,130,121,Starmie,Water,Psychic,60,75,85,100,85,115,Test 1,Test 2,
131,131,122,Mr. Mime,Psychic,Fairy,40,45,65,100,120,90,Test 1,Test 2,
132,132,123,Scyther,Bug,Flying,70,110,80,55,80,105,Test 1,Test 2,
133,133,124,Jynx,Ice,Psychic,65,50,35,115,95,95,Test 1,Test 2,
134,134,125,Electabuzz,Electric,,65,83,57,95,85,105,Test 1,Test 2,
135,135,126,Magmar,Flamer,,65,95,57,100,85,93,Test 1,Test 2,Flamer
136,136,127,Pinsir,Bug,,65,125,100,55,70,85,Test 1,Test 2,
137,137,127,PinsirMega Pinsir,Bug,Flying,65,155,120,65,90,105,Test 1,Test 2,
138,138,128,Tauros,Normal,,75,100,95,40,70,110,Test 1,Test 2,
139,139,129,Magikarp,Water,,20,10,55,15,20,80,Test 1,Test 2,
140,140,130,Gyarados,Water,Flying,95,125,79,60,100,81,Test 1,Test 2,
141,141,130,GyaradosMega Gyarados,Water,Dark,95,155,109,70,130,81,Test 1,Test 2,
142,142,131,Lapras,Water,Ice,130,85,80,85,95,60,Test 1,Test 2,
143,143,132,Ditto,Normal,,48,48,48,48,48,48,Test 1,Test 2,
144,144,133,Eevee,Normal,,55,55,50,45,65,55,Test 1,Test 2,
145,145,134,Vaporeon,Water,,130,65,60,110,95,65,Test 1,Test 2,
146,146,135,Jolteon,Electric,,65,65,60,110,95,130,Test 1,Test 2,
147,147,136,Flareon,Flamer,,65,130,60,95,110,65,Test 1,Test 2,Flamer
148,148,137,Porygon,Normal,,65,60,70,85,75,40,Test 1,Test 2,
149,149,138,Omanyte,Rock,Water,35,40,100,90,55,35,Test 1,Test 2,
150,150,139,Omastar,Rock,Water,70,60,125,115,70,55,Test 1,Test 2,
151,151,140,Kabuto,Rock,Water,30,80,90,55,45,55,Test 1,Test 2,
152,152,141,Kabutops,Rock,Water,60,115,105,65,70,80,Test 1,Test 2,
153,153,142,Aerodactyl,Rock,Flying,80,105,65,60,75,130,Test 1,Test 2,
154,154,142,AerodactylMega Aerodactyl,Rock,Flying,80,135,85,70,95,150,Test 1,Test 2,
155,155,143,Snorlax,Normal,,160,110,65,65,110,30,Test 1,Test 2,
156,156,144,Articuno,Ice,Flying,90,85,100,95,125,85,Test 1,Test 2,
157,157,145,Zapdos,Electric,Flying,90,90,85,125,90,100,Test 1,Test 2,
158,158,146,Moltres,Flamer,Flying,90,100,90,125,85,90,Test 1,Test 2,Flamer
159,159,147,Dratini,Dragon,,41,64,45,50,50,50,Test 1,Test 2,
160,160,148,Dragonair,Dragon,,61,84,65,70,70,70,Test 1,Test 2,
161,161,149,Dragonite,Dragon,Flying,91,134,95,100,100,80,Test 1,Test 2,
162,162,150,Mewtwo,Psychic,,106,110,90,154,90,130,Test 1,Test 2,
163,163,150,MewtwoMega Mewtwo X,Psychic,Fighting,106,190,100,154,100,130,Test 1,Test 2,
164,164,150,MewtwoMega Mewtwo Y,Psychic,,106,150,70,194,120,140,Test 1,Test 2,
165,165,151,Mew,Psychic,,100,100,100,100,100,100,Test 1,Test 2,
166,166,152,Chikorita,Grass,,45,49,65,49,65,45,Test 1,Test 2,
167,167,153,Bayleef,Grass,,60,62,80,63,80,60,Test 1,Test 2,
168,168,154,Meganium,Grass,,80,82,100,83,100,80,Test 1,Test 2,
169,169,155,Cyndaquil,Flamer,,39,52,43,60,50,65,Test 1,Test 2,Flamer
170,170,156,Quilava,Flamer,,58,64,58,80,65,80,Test 1,Test 2,Flamer
171,171,157,Typhlosion,Flamer,,78,84,78,109,85,100,Test 1,Test 2,Flamer
172,172,158,Totodile,Water,,50,65,64,44,48,43,Test 1,Test 2,
173,173,159,Croconaw,Water,,65,80,80,59,63,58,Test 1,Test 2,
174,174,160,Feraligatr,Water,,85,105,100,79,83,78,Test 1,Test 2,
175,175,161,Sentret,Normal,,35,46,34,35,45,20,Test 1,Test 2,
176,176,162,Furret,Normal,,85,76,64,45,55,90,Test 1,Test 2,
177,177,163,Hoothoot,Normal,Flying,60,30,30,36,56,50,Test 1,Test 2,
178,178,164,Noctowl,Normal,Flying,100,50,50,76,96,70,Test 1,Test 2,
179,179,165,Ledyba,Bug,Flying,40,20,30,40,80,55,Test 1,Test 2,
180,180,166,Ledian,Bug,Flying,55,35,50,55,110,85,Test 1,Test 2,
181,181,167,Spinarak,Bug,Poison,40,60,40,40,40,30,Test 1,Test 2,
182,182,168,Ariados,Bug,Poison,70,90,70,60,60,40,Test 1,Test 2,
183,183,169,Crobat,Poison,Flying,85,90,80,70,80,130,Test 1,Test 2,
184,184,170,Chinchou,Water,Electric,75,38,38,56,56,67,Test 1,Test 2,
185,185,171,Lanturn,Water,Electric,125,58,58,76,76,67,Test 1,Test 2,
186,186,172,Pichu,Electric,,20,40,15,35,35,60,Test 1,Test 2,
187,187,173,Cleffa,Fairy,,50,25,28,45,55,15,Test 1,Test 2,
188,188,174,Igglybuff,Normal,Fairy,90,30,15,40,20,15,Test 1,Test 2,
189,189,175,Togepi,Fairy,,35,20,65,40,65,20,Test 1,Test 2,
190,190,176,Togetic,Fairy,Flying,55,40,85,80,105,40,Test 1,Test 2,
191,191,177,Natu,Psychic,Flying,40,50,45,70,45,70,Test 1,Test 2,
192,192,178,Xatu,Psychic,Flying,65,75,70,95,70,95,Test 1,Test 2,
193,193,179,Mareep,Electric,,55,40,40,65,45,35,Test 1,Test 2,
194,194,180,Flaaffy,Electric,,70,55,55,80,60,45,Test 1,Test 2,
195,195,181,Ampharos,Electric,,90,75,85,115,90,55,Test 1,Test 2,
196,196,181,AmpharosMega Ampharos,Electric,Dragon,90,95,105,165,110,45,Test 1,Test 2,
197,197,182,Bellossom,Grass,,75,80,95,90,100,50,Test 1,Test 2,
198,198,183,Marill,Water,Fairy,70,20,50,20,50,40,Test 1,Test 2,
199,199,184,Azumarill,Water,Fairy,100,50,80,60,80,50,Test 1,Test 2,
200,200,185,Sudowoodo,Rock,,70,100,115,30,65,30,Test 1,Test 2,
201,201,186,Politoed,Water,,90,75,75,90,100,70,Test 1,Test 2,
202,202,187,Hoppip,Grass,Flying,35,35,40,35,55,50,Test 1,Test 2,
203,203,188,Skiploom,Grass,Flying,55,45,50,45,65,80,Test 1,Test 2,
204,204,189,Jumpluff,Grass,Flying,75,55,70,55,95,110,Test 1,Test 2,
205,205,190,Aipom,Normal,,55,70,55,40,55,85,Test 1,Test 2,
206,206,191,Sunkern,Grass,,30,30,30,30,30,30,Test 1,Test 2,
207,207,192,Sunflora,Grass,,75,75,55,105,85,30,Test 1,Test 2,
208,208,193,Yanma,Bug,Flying,65,65,45,75,45,95,Test 1,Test 2,
209,209,194,Wooper,Water,Ground,55,45,45,25,25,15,Test 1,Test 2,
210,210,195,Quagsire,Water,Ground,95,85,85,65,65,35,Test 1,Test 2,
211,211,196,Espeon,Psychic,,65,65,60,130,95,110,Test 1,Test 2,
212,212,197,Umbreon,Dark,,95,65,110,60,130,65,Test 1,Test 2,
213,213,198,Murkrow,Dark,Flying,60,85,42,85,42,91,Test 1,Test 2,
214,214,199,Slowking,Water,Psychic,95,75,80,100,110,30,Test 1,Test 2,
215,215,200,Misdreavus,Ghost,,60,60,60,85,85,85,Test 1,Test 2,
216,216,201,Unown,Psychic,,48,72,48,72,48,48,Test 1,Test 2,
217,217,202,Wobbuffet,Psychic,,190,33,58,33,58,33,Test 1,Test 2,
218,218,203,Girafarig,Normal,Psychic,70,80,65,90,65,85,Test 1,Test 2,
219,219,204,Pineco,Bug,,50,65,90,35,35,15,Test 1,Test 2,
220,220,205,Forretress,Bug,Steel,75,90,140,60,60,40,Test 1,Test 2,
221,221,206,Dunsparce,Normal,,100,70,70,65,65,45,Test 1,Test 2,
222,222,207,Gligar,Ground,Flying,65,75,105,35,65,85,Test 1,Test 2,
223,223,208,Steelix,Steel,Ground,75,85,200,55,65,30,Test 1,Test 2,
224,224,208,SteelixMega Steelix,Steel,Ground,75,125,230,55,95,30,Test 1,Test 2,
225,225,209,Snubbull,Fairy,,60,80,50,40,40,30,Test 1,Test 2,
226,226,210,Granbull,Fairy,,90,120,75,60,60,45,Test 1,Test 2,
227,227,211,Qwilfish,Water,Poison,65,95,75,55,55,85,Test 1,Test 2,
228,228,212,Scizor,Bug,Steel,70,130,100,55,80,65,Test 1,Test 2,
229,229,212,ScizorMega Scizor,Bug,Steel,70,150,140,65,100,75,Test 1,Test 2,
230,230,213,Shuckle,Bug,Rock,20,10,230,10,230,5,Test 1,Test 2,
231,231,214,Heracross,Bug,Fighting,80,125,75,40,95,85,Test 1,Test 2,
232,232,214,HeracrossMega Heracross,Bug,Fighting,80,185,115,40,105,75,Test 1,Test 2,
233,233,215,Sneasel,Dark,Ice,55,95,55,35,75,115,Test 1,Test 2,
234,234,216,Teddiursa,Normal,,60,80,50,50,50,40,Test 1,Test 2,
235,235,217,Ursaring,Normal,,90,130,75,75,75,55,Test 1,Test 2,
236,236,218,Slugma,Flamer,,40,40,40,70,40,20,Test 1,Test 2,Flamer
237,237,219,Magcargo,Flamer,Rock,50,50,120,80,80,30,Test 1,Test 2,Flamer
238,238,220,Swinub,Ice,Ground,50,50,40,30,30,50,Test 1,Test 2,
239,239,221,Piloswine,Ice,Ground,100,100,80,60,60,50,Test 1,Test 2,
240,240,222,Corsola,Water,Rock,55,55,85,65,85,35,Test 1,Test 2,
241,241,223,Remoraid,Water,,35,65,35,65,35,65,Test 1,Test 2,
242,242,224,Octillery,Water,,75,105,75,105,75,45,Test 1,Test 2,
243,243,225,Delibird,Ice,Flying,45,55,45,65,45,75,Test 1,Test 2,
244,244,226,Mantine,Water,Flying,65,40,70,80,140,70,Test 1,Test 2,
245,245,227,Skarmory,Steel,Flying,65,80,140,40,70,70,Test 1,Test 2,
246,246,228,Houndour,Dark,Fire,45,60,30,80,50,65,Test 1,Test 2,
247,247,229,Houndoom,Dark,Fire,75,90,50,110,80,95,Test 1,Test 2,
248,248,229,HoundoomMega Houndoom,Dark,Fire,75,90,90,140,90,115,Test 1,Test 2,
249,249,230,Kingdra,Water,Dragon,75,95,95,95,95,85,Test 1,Test 2,
250,250,231,Phanpy,Ground,,90,60,60,40,40,40,Test 1,Test 2,
251,251,232,Donphan,Ground,,90,120,120,60,60,50,Test 1,Test 2,
252,252,233,Porygon2,Normal,,85,80,90,105,95,60,Test 1,Test 2,
253,253,234,Stantler,Normal,,73,95,62,85,65,85,Test 1,Test 2,
254,254,235,Smeargle,Normal,,55,20,35,20,45,75,Test 1,Test 2,
255,255,236,Tyrogue,Fighting,,35,35,35,35,35,35,Test 1,Test 2,
256,256,237,Hitmontop,Fighting,,50,95,95,35,110,70,Test 1,Test 2,
257,257,238,Smoochum,Ice,Psychic,45,30,15,85,65,65,Test 1,Test 2,
258,258,239,Elekid,Electric,,45,63,37,65,55,95,Test 1,Test 2,
259,259,240,Magby,Flamer,,45,75,37,70,55,83,Test 1,Test 2,Flamer
260,260,241,Miltank,Normal,,95,80,105,40,70,100,Test 1,Test 2,
261,261,242,Blissey,Normal,,255,10,10,75,135,55,2,False,
262,262,243,Raikou,Electric,,90,85,75,115,100,115,Test 1,Test 2,
263,263,244,Entei,Flamer,,115,115,85,90,75,100,Test 1,Test 2,Flamer
264,264,245,Suicune,Water,,100,75,115,90,115,85,Test 1,Test 2,
265,265,246,Larvitar,Rock,Ground,50,64,50,45,50,41,Test 1,Test 2,
266,266,247,Pupitar,Rock,Ground,70,84,70,65,70,51,Test 1,Test 2,
267,267,248,Tyranitar,Rock,Dark,100,134,110,95,100,61,Test 1,Test 2,
268,268,248,TyranitarMega Tyranitar,Rock,Dark,100,164,150,95,120,71,Test 1,Test 2,
269,269,249,Lugia,Psychic,Flying,106,90,130,90,154,110,Test 1,Test 2,
270,270,250,Ho-oh,Flamer,Flying,106,130,90,110,154,90,Test 1,Test 2,Flamer
271,271,251,Celebi,Psychic,Grass,100,100,100,100,100,100,Test 1,Test 2,
272,272,252,Treecko,Grass,,40,45,35,65,55,70,Test 1,Test 2,
273,273,253,Grovyle,Grass,,50,65,45,85,65,95,Test 1,Test 2,
274,274,254,Sceptile,Grass,,70,85,65,105,85,120,Test 1,Test 2,
275,275,254,SceptileMega Sceptile,Grass,Dragon,70,110,75,145,85,145,Test 1,Test 2,
276,276,255,Torchic,Flamer,,45,60,40,70,50,45,Test 1,Test 2,Flamer
277,277,256,Combusken,Flamer,Fighting,60,85,60,85,60,55,Test 1,Test 2,Flamer
278,278,257,Blaziken,Flamer,Fighting,80,120,70,110,70,80,Test 1,Test 2,Flamer
279,279,257,BlazikenMega Blaziken,Flamer,Fighting,80,160,80,130,80,100,Test 1,Test 2,Flamer
280,280,258,Mudkip,Water,,50,70,50,50,50,40,Test 1,Test 2,
281,281,259,Marshtomp,Water,Ground,70,85,70,60,70,50,Test 1,Test 2,
282,282,260,Swampert,Water,Ground,100,110,90,85,90,60,Test 1,Test 2,
283,283,260,SwampertMega Swampert,Water,Ground,100,150,110,95,110,70,Test 1,Test 2,
284,284,261,Poochyena,Dark,,35,55,35,30,30,35,Test 1,Test 2,
285,285,262,Mightyena,Dark,,70,90,70,60,60,70,Test 1,Test 2,
286,286,263,Zigzagoon,Normal,,38,30,41,30,41,60,Test 1,Test 2,
287,287,264,Linoone,Normal,,78,70,61,50,61,100,Test 1,Test 2,
288,288,265,Wurmple,Bug,,45,45,35,20,30,20,Test 1,Test 2,
289,289,266,Silcoon,Bug,,50,35,55,25,25,15,Test 1,Test 2,
290,290,267,Beautifly,Bug,Flying,60,70,50,100,50,65,Test 1,Test 2,
291,291,268,Cascoon,Bug,,50,35,55,25,25,15,Test 1,Test 2,
292,292,269,Dustox,Bug,Poison,60,50,70,50,90,65,Test 1,Test 2,
293,293,270,Lotad,Water,Grass,40,30,30,40,50,30,Test 1,Test 2,
294,294,271,Lombre,Water,Grass,60,50,50,60,70,50,Test 1,Test 2,
295,295,272,Ludicolo,Water,Grass,80,70,70,90,100,70,Test 1,Test 2,
296,296,273,Seedot,Grass,,40,40,50,30,30,30,Test 1,Test 2,
297,297,274,Nuzleaf,Grass,Dark,70,70,40,60,40,60,Test 1,Test 2,
298,298,275,Shiftry,Grass,Dark,90,100,60,90,60,80,Test 1,Test 2,
299,299,276,Taillow,Normal,Flying,40,55,30,30,30,85,Test 1,Test 2,
300,300,277,Swellow,Normal,Flying,60,85,60,50,50,125,Test 1,Test 2,
301,301,278,Wingull,Water,Flying,40,30,30,55,30,85,Test 1,Test 2,
302,302,279,Pelipper,Water,Flying,60,50,100,85,70,65,Test 1,Test 2,
303,303,280,Ralts,Psychic,Fairy,28,25,25,45,35,40,Test 1,Test 2,
304,304,281,Kirlia,Psychic,Fairy,38,35,35,65,55,50,Test 1,Test 2,
305,305,282,Gardevoir,Psychic,Fairy,68,65,65,125,115,80,Test 1,Test 2,
306,306,282,GardevoirMega Gardevoir,Psychic,Fairy,68,85,65,165,135,100,Test 1,Test 2,
307,307,283,Surskit,Bug,Water,40,30,32,50,52,65,Test 1,Test 2,
308,308,284,Masquerain,Bug,Flying,70,60,62,80,82,60,Test 1,Test 2,
309,309,285,Shroomish,Grass,,60,40,60,40,60,35,Test 1,Test 2,
310,310,286,Breloom,Grass,Fighting,60,130,80,60,60,70,Test 1,Test 2,
311,311,287,Slakoth,Normal,,60,60,60,35,35,30,Test 1,Test 2,
312,312,288,Vigoroth,Normal,,80,80,80,55,55,90,Test 1,Test 2,
313,313,289,Slaking,Normal,,150,160,100,95,65,100,Test 1,Test 2,
314,314,290,Nincada,Bug,Ground,31,45,90,30,30,40,Test 1,Test 2,
315,315,291,Ninjask,Bug,Flying,61,90,45,50,50,160,Test 1,Test 2,
316,316,292,Shedinja,Bug,Ghost,1,90,45,30,30,40,Test 1,Test 2,
317,317,293,Whismur,Normal,,64,51,23,51,23,28,Test 1,Test 2,
318,318,294,Loudred,Normal,,84,71,43,71,43,48,Test 1,Test 2,
319,319,295,Exploud,Normal,,104,91,63,91,73,68,Test 1,Test 2,
320,320,296,Makuhita,Fighting,,72,60,30,20,30,25,Test 1,Test 2,
321,321,297,Hariyama,Fighting,,144,120,60,40,60,50,Test 1,Test 2,
322,322,298,Azurill,Normal,Fairy,50,20,40,20,40,20,Test 1,Test 2,
323,323,299,Nosepass,Rock,,30,45,135,45,90,30,Test 1,Test 2,
324,324,300,Skitty,Normal,,50,45,45,35,35,50,Test 1,Test 2,
325,325,301,Delcatty,Normal,,70,65,65,55,55,70,Test 1,Test 2,
326,326,302,Sableye,Dark,Ghost,50,75,75,65,65,50,Test 1,Test 2,
327,327,302,SableyeMega Sableye,Dark,Ghost,50,85,125,85,115,20,Test 1,Test 2,
328,328,303,Mawile,Steel,Fairy,50,85,85,55,55,50,Test 1,Test 2,
329,329,303,MawileMega Mawile,Steel,Fairy,50,105,125,55,95,50,Test 1,Test 2,
330,330,304,Aron,Steel,Rock,50,70,100,40,40,30,Test 1,Test 2,
331,331,305,Lairon,Steel,Rock,60,90,140,50,50,40,Test 1,Test 2,
332,332,306,Aggron,Steel,Rock,70,110,180,60,60,50,Test 1,Test 2,
333,333,306,AggronMega Aggron,Steel,,70,140,230,60,80,50,Test 1,Test 2,
334,334,307,Meditite,Fighting,Psychic,30,40,55,40,55,60,Test 1,Test 2,
335,335,308,Medicham,Fighting,Psychic,60,60,75,60,75,80,Test 1,Test 2,
336,336,308,MedichamMega Medicham,Fighting,Psychic,60,100,85,80,85,100,Test 1,Test 2,
337,337,309,Electrike,Electric,,40,45,40,65,40,65,Test 1,Test 2,
338,338,310,Manectric,Electric,,70,75,60,105,60,105,Test 1,Test 2,
339,339,310,ManectricMega Manectric,Electric,,70,75,80,135,80,135,Test 1,Test 2,
340,340,311,Plusle,Electric,,60,50,40,85,75,95,Test 1,Test 2,
341,341,312,Minun,Electric,,60,40,50,75,85,95,Test 1,Test 2,
342,342,313,Volbeat,Bug,,65,73,55,47,75,85,Test 1,Test 2,
343,343,314,Illumise,Bug,,65,47,55,73,75,85,Test 1,Test 2,
344,344,315,Roselia,Grass,Poison,50,60,45,100,80,65,Test 1,Test 2,
345,345,316,Gulpin,Poison,,70,43,53,43,53,40,Test 1,Test 2,
346,346,317,Swalot,Poison,,100,73,83,73,83,55,Test 1,Test 2,
347,347,318,Carvanha,Water,Dark,45,90,20,65,20,65,Test 1,Test 2,
348,348,319,Sharpedo,Water,Dark,70,120,40,95,40,95,Test 1,Test 2,
349,349,319,SharpedoMega Sharpedo,Water,Dark,70,140,70,110,65,105,Test 1,Test 2,
350,350,320,Wailmer,Water,,130,70,35,70,35,60,Test 1,Test 2,
351,351,321,Wailord,Water,,170,90,45,90,45,60,Test 1,Test 2,
352,352,322,Numel,Flamer,Ground,60,60,40,65,45,35,Test 1,Test 2,Flamer
353,353,323,Camerupt,Flamer,Ground,70,100,70,105,75,40,Test 1,Test 2,Flamer
354,354,323,CameruptMega Camerupt,Flamer,Ground,70,120,100,145,105,20,Test 1,Test 2,Flamer
355,355,324,Torkoal,Flamer,,70,85,140,85,70,20,Test 1,Test 2,Flamer
356,356,325,Spoink,Psychic,,60,25,35,70,80,60,Test 1,Test 2,
357,357,326,Grumpig,Psychic,,80,45,65,90,110,80,Test 1,Test 2,
358,358,327,Spinda,Normal,,60,60,60,60,60,60,Test 1,Test 2,
359,359,328,Trapinch,Ground,,45,100,45,45,45,10,Test 1,Test 2,
360,360,329,Vibrava,Ground,Dragon,50,70,50,50,50,70,Test 1,Test 2,
361,361,330,Flygon,Ground,Dragon,80,100,80,80,80,100,Test 1,Test 2,
362,362,331,Cacnea,Grass,,50,85,40,85,40,35,Test 1,Test 2,
363,363,332,Cacturne,Grass,Dark,70,115,60,115,60,55,Test 1,Test 2,
364,364,333,Swablu,Normal,Flying,45,40,60,40,75,50,Test 1,Test 2,
365,365,334,Altaria,Dragon,Flying,75,70,90,70,105,80,Test 1,Test 2,
366,366,334,AltariaMega Altaria,Dragon,Fairy,75,110,110,110,105,80,Test 1,Test 2,
367,367,335,Zangoose,Normal,,73,115,60,60,60,90,Test 1,Test 2,
368,368,336,Seviper,Poison,,73,100,60,100,60,65,Test 1,Test 2,
369,369,337,Lunatone,Rock,Psychic,70,55,65,95,85,70,Test 1,Test 2,
370,370,338,Solrock,Rock,Psychic,70,95,85,55,65,70,Test 1,Test 2,
371,371,339,Barboach,Water,Ground,50,48,43,46,41,60,Test 1,Test 2,
372,372,340,Whiscash,Water,Ground,110,78,73,76,71,60,Test 1,Test 2,
373,373,341,Corphish,Water,,43,80,65,50,35,35,Test 1,Test 2,
374,374,342,Crawdaunt,Water,Dark,63,120,85,90,55,55,Test 1,Test 2,
375,375,343,Baltoy,Ground,Psychic,40,40,55,40,70,55,Test 1,Test 2,
376,376,344,Claydol,Ground,Psychic,60,70,105,70,120,75,Test 1,Test 2,
377,377,345,Lileep,Rock,Grass,66,41,77,61,87,23,Test 1,Test 2,
378,378,346,Cradily,Rock,Grass,86,81,97,81,107,43,Test 1,Test 2,
379,379,347,Anorith,Rock,Bug,45,95,50,40,50,75,Test 1,Test 2,
380,380,348,Armaldo,Rock,Bug,75,125,100,70,80,45,Test 1,Test 2,
381,381,349,Feebas,Water,,20,15,20,10,55,80,Test 1,Test 2,
382,382,350,Milotic,Water,,95,60,79,100,125,81,Test 1,Test 2,
383,383,351,Castform,Normal,,70,70,70,70,70,70,Test 1,Test 2,
384,384,352,Kecleon,Normal,,60,90,70,60,120,40,Test 1,Test 2,
385,385,353,Shuppet,Ghost,,44,75,35,63,33,45,Test 1,Test 2,
386,386,354,Banette,Ghost,,64,115,65,83,63,65,Test 1,Test 2,
387,387,354,BanetteMega Banette,Ghost,,64,165,75,93,83,75,Test 1,Test 2,
388,388,355,Duskull,Ghost,,20,40,90,30,90,25,Test 1,Test 2,
389,389,356,Dusclops,Ghost,,40,70,130,60,130,25,Test 1,Test 2,
390,390,357,Tropius,Grass,Flying,99,68,83,72,87,51,Test 1,Test 2,
391,391,358,Chimecho,Psychic,,65,50,70,95,80,65,Test 1,Test 2,
392,392,359,Absol,Dark,,65,130,60,75,60,75,Test 1,Test 2,
393,393,359,AbsolMega Absol,Dark,,65,150,60,115,60,115,Test 1,Test 2,
394,394,360,Wynaut,Psychic,,95,23,48,23,48,23,Test 1,Test 2,
395,395,361,Snorunt,Ice,,50,50,50,50,50,50,Test 1,Test 2,
396,396,362,Glalie,Ice,,80,80,80,80,80,80,Test 1,Test 2,
397,397,362,GlalieMega Glalie,Ice,,80,120,80,120,80,100,Test 1,Test 2,
398,398,363,Spheal,Ice,Water,70,40,50,55,50,25,Test 1,Test 2,
399,399,364,Sealeo,Ice,Water,90,60,70,75,70,45,Test 1,Test 2,
400,400,365,Walrein,Ice,Water,110,80,90,95,90,65,Test 1,Test 2,
401,401,366,Clamperl,Water,,35,64,85,74,55,32,Test 1,Test 2,
402,402,367,Huntail,Water,,55,104,105,94,75,52,Test 1,Test 2,
403,403,368,Gorebyss,Water,,55,84,105,114,75,52,Test 1,Test 2,
404,404,369,Relicanth,Water,Rock,100,90,130,45,65,55,Test 1,Test 2,
405,405,370,Luvdisc,Water,,43,30,55,40,65,97,Test 1,Test 2,
406,406,371,Bagon,Dragon,,45,75,60,40,30,50,Test 1,Test 2,
407,407,372,Shelgon,Dragon,,65,95,100,60,50,50,Test 1,Test 2,
408,408,373,Salamence,Dragon,Flying,95,135,80,110,80,100,Test 1,Test 2,
409,409,373,SalamenceMega Salamence,Dragon,Flying,95,145,130,120,90,120,Test 1,Test 2,
410,410,374,Beldum,Steel,Psychic,40,55,80,35,60,30,Test 1,Test 2,
411,411,375,Metang,Steel,Psychic,60,75,100,55,80,50,Test 1,Test 2,
412,412,376,Metagross,Steel,Psychic,80,135,130,95,90,70,Test 1,Test 2,
413,413,376,MetagrossMega Metagross,Steel,Psychic,80,145,150,105,110,110,Test 1,Test 2,
414,414,377,Regirock,Rock,,80,100,200,50,100,50,Test 1,Test 2,
415,415,378,Regice,Ice,,80,50,100,100,200,50,Test 1,Test 2,
416,416,379,Registeel,Steel,,80,75,150,75,150,50,Test 1,Test 2,
417,417,380,Latias,Dragon,Psychic,80,80,90,110,130,110,Test 1,Test 2,
418,418,380,LatiasMega Latias,Dragon,Psychic,80,100,120,140,150,110,Test 1,Test 2,
419,419,381,Latios,Dragon,Psychic,80,90,80,130,110,110,Test 1,Test 2,
420,420,381,LatiosMega Latios,Dragon,Psychic,80,130,100,160,120,110,Test 1,Test 2,
421,421,382,Kyogre,Water,,100,100,90,150,140,90,Test 1,Test 2,
422,422,382,KyogrePrimal Kyogre,Water,,100,150,90,180,160,90,Test 1,Test 2,
423,423,383,Groudon,Ground,,100,150,140,100,90,90,Test 1,Test 2,
424,424,383,GroudonPrimal Groudon,Ground,Fire,100,180,160,150,90,90,Test 1,Test 2,
425,425,384,Rayquaza,Dragon,Flying,105,150,90,150,90,95,Test 1,Test 2,
426,426,384,RayquazaMega Rayquaza,Dragon,Flying,105,180,100,180,100,115,Test 1,Test 2,
427,427,385,Jirachi,Steel,Psychic,100,100,100,100,100,100,Test 1,Test 2,
428,428,386,DeoxysNormal Forme,Psychic,,50,150,50,150,50,150,Test 1,Test 2,
429,429,386,DeoxysAttack Forme,Psychic,,50,180,20,180,20,150,Test 1,Test 2,
430,430,386,DeoxysDefense Forme,Psychic,,50,70,160,70,160,90,Test 1,Test 2,
431,431,386,DeoxysSpeed Forme,Psychic,,50,95,90,95,90,180,Test 1,Test 2,
432,432,387,Turtwig,Grass,,55,68,64,45,55,31,Test 1,Test 2,
433,433,388,Grotle,Grass,,75,89,85,55,65,36,Test 1,Test 2,
434,434,389,Torterra,Grass,Ground,95,109,105,75,85,56,Test 1,Test 2,
435,435,390,Chimchar,Flamer,,44,58,44,58,44,61,Test 1,Test 2,Flamer
436,436,391,Monferno,Flamer,Fighting,64,78,52,78,52,81,Test 1,Test 2,Flamer
437,437,392,Infernape,Flamer,Fighting,76,104,71,104,71,108,Test 1,Test 2,Flamer
438,438,393,Piplup,Water,,53,51,53,61,56,40,Test 1,Test 2,
439,439,394,Prinplup,Water,,64,66,68,81,76,50,Test 1,Test 2,
440,440,395,Empoleon,Water,Steel,84,86,88,111,101,60,Test 1,Test 2,
441,441,396,Starly,Normal,Flying,40,55,30,30,30,60,Test 1,Test 2,
442,442,397,Staravia,Normal,Flying,55,75,50,40,40,80,Test 1,Test 2,
443,443,398,Staraptor,Normal,Flying,85,120,70,50,60,100,Test 1,Test 2,
444,444,399,Bidoof,Normal,,59,45,40,35,40,31,Test 1,Test 2,
445,445,400,Bibarel,Normal,Water,79,85,60,55,60,71,Test 1,Test 2,
446,446,401,Kricketot,Bug,,37,25,41,25,41,25,Test 1,Test 2,
447,447,402,Kricketune,Bug,,77,85,51,55,51,65,Test 1,Test 2,
448,448,403,Shinx,Electric,,45,65,34,40,34,45,Test 1,Test 2,
449,449,404,Luxio,Electric,,60,85,49,60,49,60,Test 1,Test 2,
450,450,405,Luxray,Electric,,80,120,79,95,79,70,Test 1,Test 2,
451,451,406,Budew,Grass,Poison,40,30,35,50,70,55,Test 1,Test 2,
452,452,407,Roserade,Grass,Poison,60,70,65,125,105,90,Test 1,Test 2,
453,453,408,Cranidos,Rock,,67,125,40,30,30,58,Test 1,Test 2,
454,454,409,Rampardos,Rock,,97,165,60,65,50,58,Test 1,Test 2,
455,455,410,Shieldon,Rock,Steel,30,42,118,42,88,30,Test 1,Test 2,
456,456,411,Bastiodon,Rock,Steel,60,52,168,47,138,30,Test 1,Test 2,
457,457,412,Burmy,Bug,,40,29,45,29,45,36,Test 1,Test 2,
458,458,413,WormadamPlant Cloak,Bug,Grass,60,59,85,79,105,36,Test 1,Test 2,
459,459,413,WormadamSandy Cloak,Bug,Ground,60,79,105,59,85,36,Test 1,Test 2,
460,460,413,WormadamTrash Cloak,Bug,Steel,60,69,95,69,95,36,Test 1,Test 2,
461,461,414,Mothim,Bug,Flying,70,94,50,94,50,66,Test 1,Test 2,
462,462,415,Combee,Bug,Flying,30,30,42,30,42,70,Test 1,Test 2,
463,463,416,Vespiquen,Bug,Flying,70,80,102,80,102,40,Test 1,Test 2,
464,464,417,Pachirisu,Electric,,60,45,70,45,90,95,Test 1,Test 2,
465,465,418,Buizel,Water,,55,65,35,60,30,85,Test 1,Test 2,
466,466,419,Floatzel,Water,,85,105,55,85,50,115,Test 1,Test 2,
467,467,420,Cherubi,Grass,,45,35,45,62,53,35,Test 1,Test 2,
468,468,421,Cherrim,Grass,,70,60,70,87,78,85,Test 1,Test 2,
469,469,422,Shellos,Water,,76,48,48,57,62,34,Test 1,Test 2,
470,470,423,Gastrodon,Water,Ground,111,83,68,92,82,39,Test 1,Test 2,
471,471,424,Ambipom,Normal,,75,100,66,60,66,115,Test 1,Test 2,
472,472,425,Drifloon,Ghost,Flying,90,50,34,60,44,70,Test 1,Test 2,
473,473,426,Drifblim,Ghost,Flying,150,80,44,90,54,80,Test 1,Test 2,
474,474,427,Buneary,Normal,,55,66,44,44,56,85,Test 1,Test 2,
475,475,428,Lopunny,Normal,,65,76,84,54,96,105,Test 1,Test 2,
476,476,428,LopunnyMega Lopunny,Normal,Fighting,65,136,94,54,96,135,Test 1,Test 2,
477,477,429,Mismagius,Ghost,,60,60,60,105,105,105,Test 1,Test 2,
478,478,430,Honchkrow,Dark,Flying,100,125,52,105,52,71,Test 1,Test 2,
479,479,431,Glameow,Normal,,49,55,42,42,37,85,Test 1,Test 2,
480,480,432,Purugly,Normal,,71,82,64,64,59,112,Test 1,Test 2,
481,481,433,Chingling,Psychic,,45,30,50,65,50,45,Test 1,Test 2,
482,482,434,Stunky,Poison,Dark,63,63,47,41,41,74,Test 1,Test 2,
483,483,435,Skuntank,Poison,Dark,103,93,67,71,61,84,Test 1,Test 2,
484,484,436,Bronzor,Steel,Psychic,57,24,86,24,86,23,Test 1,Test 2,
485,485,437,Bronzong,Steel,Psychic,67,89,116,79,116,33,Test 1,Test 2,
486,486,438,Bonsly,Rock,,50,80,95,10,45,10,Test 1,Test 2,
487,487,439,Mime Jr.,Psychic,Fairy,20,25,45,70,90,60,Test 1,Test 2,
488,488,440,Happiny,Normal,,100,5,5,15,65,30,4,False,
489,489,441,Chatot,Normal,Flying,76,65,45,92,42,91,Test 1,Test 2,
490,490,442,Spiritomb,Ghost,Dark,50,92,108,92,108,35,Test 1,Test 2,
491,491,443,Gible,Dragon,Ground,58,70,45,40,45,42,Test 1,Test 2,
492,492,444,Gabite,Dragon,Ground,68,90,65,50,55,82,Test 1,Test 2,
493,493,445,Garchomp,Dragon,Ground,108,130,95,80,85,102,Test 1,Test 2,
494,494,445,GarchompMega Garchomp,Dragon,Ground,108,170,115,120,95,92,Test 1,Test 2,
495,495,446,Munchlax,Normal,,135,85,40,40,85,5,Test 1,Test 2,
496,496,447,Riolu,Fighting,,40,70,40,35,40,60,Test 1,Test 2,
497,497,448,Lucario,Fighting,Steel,70,110,70,115,70,90,Test 1,Test 2,
498,498,448,LucarioMega Lucario,Fighting,Steel,70,145,88,140,70,112,Test 1,Test 2,
499,499,449,Hippopotas,Ground,,68,72,78,38,42,32,Test 1,Test 2,
500,500,450,Hippowdon,Ground,,108,112,118,68,72,47,Test 1,Test 2,
501,501,451,Skorupi,Poison,Bug,40,50,90,30,55,65,Test 1,Test 2,
502,502,452,Drapion,Poison,Dark,70,90,110,60,75,95,Test 1,Test 2,
503,503,453,Croagunk,Poison,Fighting,48,61,40,61,40,50,Test 1,Test 2,
504,504,454,Toxicroak,Poison,Fighting,83,106,65,86,65,85,Test 1,Test 2,
505,505,455,Carnivine,Grass,,74,100,72,90,72,46,Test 1,Test 2,
506,506,456,Finneon,Water,,49,49,56,49,61,66,Test 1,Test 2,
507,507,457,Lumineon,Water,,69,69,76,69,86,91,Test 1,Test 2,
508,508,458,Mantyke,Water,Flying,45,20,50,60,120,50,Test 1,Test 2,
509,509,459,Snover,Grass,Ice,60,62,50,62,60,40,Test 1,Test 2,
510,510,460,Abomasnow,Grass,Ice,90,92,75,92,85,60,Test 1,Test 2,
511,511,460,AbomasnowMega Abomasnow,Grass,Ice,90,132,105,132,105,30,Test 1,Test 2,
512,512,461,Weavile,Dark,Ice,70,120,65,45,85,125,Test 1,Test 2,
513,513,462,Magnezone,Electric,Steel,70,70,115,130,90,60,Test 1,Test 2,
514,514,463,Lickilicky,Normal,,110,85,95,80,95,50,Test 1,Test 2,
515,515,464,Rhyperior,Ground,Rock,115,140,130,55,55,40,Test 1,Test 2,
516,516,465,Tangrowth,Grass,,100,100,125,110,50,50,Test 1,Test 2,
517,517,466,Electivire,Electric,,75,123,67,95,85,95,Test 1,Test 2,
518,518,467,Magmortar,Flamer,,75,95,67,125,95,83,Test 1,Test 2,Flamer
519,519,468,Togekiss,Fairy,Flying,85,50,95,120,115,80,Test 1,Test 2,
520,520,469,Yanmega,Bug,Flying,86,76,86,116,56,95,Test 1,Test 2,
521,521,470,Leafeon,Grass,,65,110,130,60,65,95,Test 1,Test 2,
522,522,471,Glaceon,Ice,,65,60,110,130,95,65,Test 1,Test 2,
523,523,472,Gliscor,Ground,Flying,75,95,125,45,75,95,Test 1,Test 2,
524,524,473,Mamoswine,Ice,Ground,110,130,80,70,60,80,Test 1,Test 2,
525,525,474,Porygon-Z,Normal,,85,80,70,135,75,90,Test 1,Test 2,
526,526,475,Gallade,Psychic,Fighting,68,125,65,65,115,80,Test 1,Test 2,
527,527,475,GalladeMega Gallade,Psychic,Fighting,68,165,95,65,115,110,Test 1,Test 2,
528,528,476,Probopass,Rock,Steel,60,55,145,75,150,40,Test 1,Test 2,
529,529,477,Dusknoir,Ghost,,45,100,135,65,135,45,Test 1,Test 2,
530,530,478,Froslass,Ice,Ghost,70,80,70,80,70,110,Test 1,Test 2,
531,531,479,Rotom,Electric,Ghost,50,50,77,95,77,91,Test 1,Test 2,
532,532,479,RotomHeat Rotom,Electric,Fire,50,65,107,105,107,86,Test 1,Test 2,
533,533,479,RotomWash Rotom,Electric,Water,50,65,107,105,107,86,Test 1,Test 2,
534,534,479,RotomFrost Rotom,Electric,Ice,50,65,107,105,107,86,Test 1,Test 2,
535,535,479,RotomFan Rotom,Electric,Flying,50,65,107,105,107,86,Test 1,Test 2,
536,536,479,RotomMow Rotom,Electric,Grass,50,65,107,105,107,86,Test 1,Test 2,
537,537,480,Uxie,Psychic,,75,75,130,75,130,95,Test 1,Test 2,
538,538,481,Mesprit,Psychic,,80,105,105,105,105,80,Test 1,Test 2,
539,539,482,Azelf,Psychic,,75,125,70,125,70,115,Test 1,Test 2,
540,540,483,Dialga,Steel,Dragon,100,120,120,150,100,90,Test 1,Test 2,
541,541,484,Palkia,Water,Dragon,90,120,100,150,120,100,Test 1,Test 2,
542,542,485,Heatran,Flamer,Steel,91,90,106,130,106,77,Test 1,Test 2,Flamer
543,543,486,Regigigas,Normal,,110,160,110,80,110,100,Test 1,Test 2,
544,544,487,GiratinaAltered Forme,Ghost,Dragon,150,100,120,100,120,90,Test 1,Test 2,
545,545,487,GiratinaOrigin Forme,Ghost,Dragon,150,120,100,120,100,90,Test 1,Test 2,
546,546,488,Cresselia,Psychic,,120,70,120,75,130,85,Test 1,Test 2,
547,547,489,Phione,Water,,80,80,80,80,80,80,Test 1,Test 2,
548,548,490,Manaphy,Water,,100,100,100,100,100,100,Test 1,Test 2,
549,549,491,Darkrai,Dark,,70,90,90,135,90,125,Test 1,Test 2,
550,550,492,ShayminLand Forme,Grass,,100,100,100,100,100,100,Test 1,Test 2,
551,551,492,ShayminSky Forme,Grass,Flying,100,103,75,120,75,127,Test 1,Test 2,
552,552,493,Arceus,Normal,,120,120,120,120,120,120,Test 1,Test 2,
553,553,494,Victini,Psychic,Fire,100,100,100,100,100,100,Test 1,Test 2,
554,554,495,Snivy,Grass,,45,45,55,45,55,63,Test 1,Test 2,
555,555,496,Servine,Grass,,60,60,75,60,75,83,Test 1,Test 2,
556,556,497,Serperior,Grass,,75,75,95,75,95,113,Test 1,Test 2,
557,557,498,Tepig,Flamer,,65,63,45,45,45,45,Test 1,Test 2,Flamer
558,558,499,Pignite,Flamer,Fighting,90,93,55,70,55,55,Test 1,Test 2,Flamer
559,559,500,Emboar,Flamer,Fighting,110,123,65,100,65,65,Test 1,Test 2,Flamer
560,560,501,Oshawott,Water,,55,55,45,63,45,45,Test 1,Test 2,
561,561,502,Dewott,Water,,75,75,60,83,60,60,Test 1,Test 2,
562,562,503,Samurott,Water,,95,100,85,108,70,70,Test 1,Test 2,
563,563,504,Patrat,Normal,,45,55,39,35,39,42,Test 1,Test 2,
564,564,505,Watchog,Normal,,60,85,69,60,69,77,Test 1,Test 2,
565,565,506,Lillipup,Normal,,45,60,45,25,45,55,Test 1,Test 2,
566,566,507,Herdier,Normal,,65,80,65,35,65,60,Test 1,Test 2,
567,567,508,Stoutland,Normal,,85,110,90,45,90,80,Test 1,Test 2,
568,568,509,Purrloin,Dark,,41,50,37,50,37,66,Test 1,Test 2,
569,569,510,Liepard,Dark,,64,88,50,88,50,106,Test 1,Test 2,
570,570,511,Pansage,Grass,,50,53,48,53,48,64,Test 1,Test 2,
571,571,512,Simisage,Grass,,75,98,63,98,63,101,Test 1,Test 2,
572,572,513,Pansear,Flamer,,50,53,48,53,48,64,Test 1,Test 2,Flamer
573,573,514,Simisear,Flamer,,75,98,63,98,63,101,Test 1,Test 2,Flamer
574,574,515,Panpour,Water,,50,53,48,53,48,64,Test 1,Test 2,
575,575,516,Simipour,Water,,75,98,63,98,63,101,Test 1,Test 2,
576,576,517,Munna,Psychic,,76,25,45,67,55,24,Test 1,Test 2,
577,577,518,Musharna,Psychic,,116,55,85,107,95,29,Test 1,Test 2,
578,578,519,Pidove,Normal,Flying,50,55,50,36,30,43,Test 1,Test 2,
579,579,520,Tranquill,Normal,Flying,62,77,62,50,42,65,Test 1,Test 2,
580,580,521,Unfezant,Normal,Flying,80,115,80,65,55,93,Test 1,Test 2,
581,581,522,Blitzle,Electric,,45,60,32,50,32,76,Test 1,Test 2,
582,582,523,Zebstrika,Electric,,75,100,63,80,63,116,Test 1,Test 2,
583,583,524,Roggenrola,Rock,,55,75,85,25,25,15,Test 1,Test 2,
584,584,525,Boldore,Rock,,70,105,105,50,40,20,Test 1,Test 2,
585,585,526,Gigalith,Rock,,85,135,130,60,80,25,Test 1,Test 2,
586,586,527,Woobat,Psychic,Flying,55,45,43,55,43,72,Test 1,Test 2,
587,587,528,Swoobat,Psychic,Flying,67,57,55,77,55,114,Test 1,Test 2,
588,588,529,Drilbur,Ground,,60,85,40,30,45,68,Test 1,Test 2,
589,589,530,Excadrill,Ground,Steel,110,135,60,50,65,88,Test 1,Test 2,
590,590,531,Audino,Normal,,103,60,86,60,86,50,Test 1,Test 2,
591,591,531,AudinoMega Audino,Normal,Fairy,103,60,126,80,126,50,Test 1,Test 2,
592,592,532,Timburr,Fighting,,75,80,55,25,35,35,Test 1,Test 2,
593,593,533,Gurdurr,Fighting,,85,105,85,40,50,40,Test 1,Test 2,
594,594,534,Conkeldurr,Fighting,,105,140,95,55,65,45,Test 1,Test 2,
595,595,535,Tympole,Water,,50,50,40,50,40,64,Test 1,Test 2,
596,596,536,Palpitoad,Water,Ground,75,65,55,65,55,69,Test 1,Test 2,
597,597,537,Seismitoad,Water,Ground,105,95,75,85,75,74,Test 1,Test 2,
598,598,538,Throh,Fighting,,120,100,85,30,85,45,Test 1,Test 2,
599,599,539,Sawk,Fighting,,75,125,75,30,75,85,Test 1,Test 2,
600,600,540,Sewaddle,Bug,Grass,45,53,70,40,60,42,Test 1,Test 2,
601,601,541,Swadloon,Bug,Grass,55,63,90,50,80,42,Test 1,Test 2,
602,602,542,Leavanny,Bug,Grass,75,103,80,70,80,92,Test 1,Test 2,
603,603,543,Venipede,Bug,Poison,30,45,59,30,39,57,Test 1,Test 2,
604,604,544,Whirlipede,Bug,Poison,40,55,99,40,79,47,Test 1,Test 2,
605,605,545,Scolipede,Bug,Poison,60,100,89,55,69,112,Test 1,Test 2,
606,606,546,Cottonee,Grass,Fairy,40,27,60,37,50,66,Test 1,Test 2,
607,607,547,Whimsicott,Grass,Fairy,60,67,85,77,75,116,Test 1,Test 2,
608,608,548,Petilil,Grass,,45,35,50,70,50,30,Test 1,Test 2,
609,609,549,Lilligant,Grass,,70,60,75,110,75,90,Test 1,Test 2,
610,610,550,Basculin,Water,,70,92,65,80,55,98,Test 1,Test 2,
611,611,551,Sandile,Ground,Dark,50,72,35,35,35,65,Test 1,Test 2,
612,612,552,Krokorok,Ground,Dark,60,82,45,45,45,74,Test 1,Test 2,
613,613,553,Krookodile,Ground,Dark,95,117,80,65,70,92,Test 1,Test 2,
614,614,554,Darumaka,Flamer,,70,90,45,15,45,50,Test 1,Test 2,Flamer
615,615,555,DarmanitanStandard Mode,Flamer,,105,140,55,30,55,95,Test 1,Test 2,Flamer
616,616,555,DarmanitanZen Mode,Flamer,Psychic,105,30,105,140,105,55,Test 1,Test 2,Flamer
617,617,556,Maractus,Grass,,75,86,67,106,67,60,Test 1,Test 2,
618,618,557,Dwebble,Bug,Rock,50,65,85,35,35,55,Test 1,Test 2,
619,619,558,Crustle,Bug,Rock,70,95,125,65,75,45,Test 1,Test 2,
620,620,559,Scraggy,Dark,Fighting,50,75,70,35,70,48,Test 1,Test 2,
621,621,560,Scrafty,Dark,Fighting,65,90,115,45,115,58,Test 1,Test 2,
622,622,561,Sigilyph,Psychic,Flying,72,58,80,103,80,97,Test 1,Test 2,
623,623,562,Yamask,Ghost,,38,30,85,55,65,30,Test 1,Test 2,
624,624,563,Cofagrigus,Ghost,,58,50,145,95,105,30,Test 1,Test 2,
625,625,564,Tirtouga,Water,Rock,54,78,103,53,45,22,Test 1,Test 2,
626,626,565,Carracosta,Water,Rock,74,108,133,83,65,32,Test 1,Test 2,
627,627,566,Archen,Rock,Flying,55,112,45,74,45,70,Test 1,Test 2,
628,628,567,Archeops,Rock,Flying,75,140,65,112,65,110,Test 1,Test 2,
629,629,568,Trubbish,Poison,,50,50,62,40,62,65,Test 1,Test 2,
630,630,569,Garbodor,Poison,,80,95,82,60,82,75,Test 1,Test 2,
631,631,570,Zorua,Dark,,40,65,40,80,40,65,Test 1,Test 2,
632,632,571,Zoroark,Dark,,60,105,60,120,60,105,Test 1,Test 2,
633,633,572,Minccino,Normal,,55,50,40,40,40,75,Test 1,Test 2,
634,634,573,Cinccino,Normal,,75,95,60,65,60,115,Test 1,Test 2,
635,635,574,Gothita,Psychic,,45,30,50,55,65,45,Test 1,Test 2,
636,636,575,Gothorita,Psychic,,60,45,70,75,85,55,Test 1,Test 2,
637,637,576,Gothitelle,Psychic,,70,55,95,95,110,65,Test 1,Test 2,
638,638,577,Solosis,Psychic,,45,30,40,105,50,20,Test 1,Test 2,
639,639,578,Duosion,Psychic,,65,40,50,125,60,30,Test 1,Test 2,
640,640,579,Reuniclus,Psychic,,110,65,75,125,85,30,Test 1,Test 2,
641,641,580,Ducklett,Water,Flying,62,44,50,44,50,55,Test 1,Test 2,
642,642,581,Swanna,Water,Flying,75,87,63,87,63,98,Test 1,Test 2,
643,643,582,Vanillite,Ice,,36,50,50,65,60,44,Test 1,Test 2,
644,644,583,Vanillish,Ice,,51,65,65,80,75,59,Test 1,Test 2,
645,645,584,Vanilluxe,Ice,,71,95,85,110,95,79,Test 1,Test 2,
646,646,585,Deerling,Normal,Grass,60,60,50,40,50,75,Test 1,Test 2,
647,647,586,Sawsbuck,Normal,Grass,80,100,70,60,70,95,Test 1,Test 2,
648,648,587,Emolga,Electric,Flying,55,75,60,75,60,103,Test 1,Test 2,
649,649,588,Karrablast,Bug,,50,75,45,40,45,60,Test 1,Test 2,
650,650,589,Escavalier,Bug,Steel,70,135,105,60,105,20,Test 1,Test 2,
651,651,590,Foongus,Grass,Poison,69,55,45,55,55,15,Test 1,Test 2,
652,652,591,Amoonguss,Grass,Poison,114,85,70,85,80,30,Test 1,Test 2,
653,653,592,Frillish,Water,Ghost,55,40,50,65,85,40,Test 1,Test 2,
654,654,593,Jellicent,Water,Ghost,100,60,70,85,105,60,Test 1,Test 2,
655,655,594,Alomomola,Water,,165,75,80,40,45,65,Test 1,Test 2,
656,656,595,Joltik,Bug,Electric,50,47,50,57,50,65,Test 1,Test 2,
657,657,596,Galvantula,Bug,Electric,70,77,60,97,60,108,Test 1,Test 2,
658,658,597,Ferroseed,Grass,Steel,44,50,91,24,86,10,Test 1,Test 2,
659,659,598,Ferrothorn,Grass,Steel,74,94,131,54,116,20,Test 1,Test 2,
660,660,599,Klink,Steel,,40,55,70,45,60,30,Test 1,Test 2,
661,661,600,Klang,Steel,,60,80,95,70,85,50,Test 1,Test 2,
662,662,601,Klinklang,Steel,,60,100,115,70,85,90,Test 1,Test 2,
663,663,602,Tynamo,Electric,,35,55,40,45,40,60,Test 1,Test 2,
664,664,603,Eelektrik,Electric,,65,85,70,75,70,40,Test 1,Test 2,
665,665,604,Eelektross,Electric,,85,115,80,105,80,50,Test 1,Test 2,
666,666,605,Elgyem,Psychic,,55,55,55,85,55,30,Test 1,Test 2,
667,667,606,Beheeyem,Psychic,,75,75,75,125,95,40,Test 1,Test 2,
668,668,607,Litwick,Ghost,Fire,50,30,55,65,55,20,Test 1,Test 2,
669,669,608,Lampent,Ghost,Fire,60,40,60,95,60,55,Test 1,Test 2,
670,670,609,Chandelure,Ghost,Fire,60,55,90,145,90,80,Test 1,Test 2,
671,671,610,Axew,Dragon,,46,87,60,30,40,57,Test 1,Test 2,
672,672,611,Fraxure,Dragon,,66,117,70,40,50,67,Test 1,Test 2,
673,673,612,Haxorus,Dragon,,76,147,90,60,70,97,Test 1,Test 2,
674,674,613,Cubchoo,Ice,,55,70,40,60,40,40,Test 1,Test 2,
675,675,614,Beartic,Ice,,95,110,80,70,80,50,Test 1,Test 2,
676,676,615,Cryogonal,Ice,,70,50,30,95,135,105,Test 1,Test 2,
677,677,616,Shelmet,Bug,,50,40,85,40,65,25,Test 1,Test 2,
678,678,617,Accelgor,Bug,,80,70,40,100,60,145,Test 1,Test 2,
679,679,618,Stunfisk,Ground,Electric,109,66,84,81,99,32,Test 1,Test 2,
680,680,619,Mienfoo,Fighting,,45,85,50,55,50,65,Test 1,Test 2,
681,681,620,Mienshao,Fighting,,65,125,60,95,60,105,Test 1,Test 2,
682,682,621,Druddigon,Dragon,,77,120,90,60,90,48,Test 1,Test 2,
683,683,622,Golett,Ground,Ghost,59,74,50,35,50,35,Test 1,Test 2,
684,684,623,Golurk,Ground,Ghost,89,124,80,55,80,55,Test 1,Test 2,
685,685,624,Pawniard,Dark,Steel,45,85,70,40,40,60,Test 1,Test 2,
686,686,625,Bisharp,Dark,Steel,65,125,100,60,70,70,Test 1,Test 2,
687,687,626,Bouffalant,Normal,,95,110,95,40,95,55,Test 1,Test 2,
688,688,627,Rufflet,Normal,Flying,70,83,50,37,50,60,Test 1,Test 2,
689,689,628,Braviary,Normal,Flying,100,123,75,57,75,80,Test 1,Test 2,
690,690,629,Vullaby,Dark,Flying,70,55,75,45,65,60,Test 1,Test 2,
691,691,630,Mandibuzz,Dark,Flying,110,65,105,55,95,80,Test 1,Test 2,
692,692,631,Heatmor,Flamer,,85,97,66,105,66,65,Test 1,Test 2,Flamer
693,693,632,Durant,Bug,Steel,58,109,112,48,48,109,Test 1,Test 2,
694,694,633,Deino,Dark,Dragon,52,65,50,45,50,38,Test 1,Test 2,
695,695,634,Zweilous,Dark,Dragon,72,85,70,65,70,58,Test 1,Test 2,
696,696,635,Hydreigon,Dark,Dragon,92,105,90,125,90,98,Test 1,Test 2,
697,697,636,Larvesta,Bug,Fire,55,85,55,50,55,60,Test 1,Test 2,
698,698,637,Volcarona,Bug,Fire,85,60,65,135,105,100,Test 1,Test 2,
699,699,638,Cobalion,Steel,Fighting,91,90,129,90,72,108,Test 1,Test 2,
700,700,639,Terrakion,Rock,Fighting,91,129,90,72,90,108,Test 1,Test 2,
701,701,640,Virizion,Grass,Fighting,91,90,72,90,129,108,Test 1,Test 2,
702,702,641,TornadusIncarnate Forme,Flying,,79,115,70,125,80,111,Test 1,Test 2,
703,703,641,TornadusTherian Forme,Flying,,79,100,80,110,90,121,Test 1,Test 2,
704,704,642,ThundurusIncarnate Forme,Electric,Flying,79,115,70,125,80,111,Test 1,Test 2,
705,705,642,ThundurusTherian Forme,Electric,Flying,79,105,70,145,80,101,Test 1,Test 2,
706,706,643,Reshiram,Dragon,Fire,100,120,100,150,120,90,Test 1,Test 2,
707,707,644,Zekrom,Dragon,Electric,100,150,120,120,100,90,Test 1,Test 2,
708,708,645,LandorusIncarnate Forme,Ground,Flying,89,125,90,115,80,101,Test 1,Test 2,
709,709,645,LandorusTherian Forme,Ground,Flying,89,145,90,105,80,91,Test 1,Test 2,
710,710,646,Kyurem,Dragon,Ice,125,130,90,130,90,95,Test 1,Test 2,
711,711,646,KyuremBlack Kyurem,Dragon,Ice,125,170,100,120,90,95,Test 1,Test 2,
712,712,646,KyuremWhite Kyurem,Dragon,Ice,125,120,90,170,100,95,Test 1,Test 2,
713,713,647,KeldeoOrdinary Forme,Water,Fighting,91,72,90,129,90,108,Test 1,Test 2,
714,714,647,KeldeoResolute Forme,Water,Fighting,91,72,90,129,90,108,Test 1,Test 2,
715,715,648,MeloettaAria Forme,Normal,Psychic,100,77,77,128,128,90,Test 1,Test 2,
716,716,648,MeloettaPirouette Forme,Normal,Fighting,100,128,90,77,77,128,Test 1,Test 2,
717,717,649,Genesect,Bug,Steel,71,120,95,120,95,99,Test 1,Test 2,
718,718,650,Chespin,Grass,,56,61,65,48,45,38,Test 1,Test 2,
719,719,651,Quilladin,Grass,,61,78,95,56,58,57,Test 1,Test 2,
720,720,652,Chesnaught,Grass,Fighting,88,107,122,74,75,64,Test 1,Test 2,
721,721,653,Fennekin,Flamer,,40,45,40,62,60,60,Test 1,Test 2,Flamer
722,722,654,Braixen,Flamer,,59,59,58,90,70,73,Test 1,Test 2,Flamer
723,723,655,Delphox,Flamer,Psychic,75,69,72,114,100,104,Test 1,Test 2,Flamer
724,724,656,Froakie,Water,,41,56,40,62,44,71,Test 1,Test 2,
725,725,657,Frogadier,Water,,54,63,52,83,56,97,Test 1,Test 2,
726,726,658,Greninja,Water,Dark,72,95,67,103,71,122,Test 1,Test 2,
727,727,659,Bunnelby,Normal,,38,36,38,32,36,57,Test 1,Test 2,
728,728,660,Diggersby,Normal,Ground,85,56,77,50,77,78,Test 1,Test 2,
729,729,661,Fletchling,Normal,Flying,45,50,43,40,38,62,Test 1,Test 2,
730,730,662,Fletchinder,Flamer,Flying,62,73,55,56,52,84,Test 1,Test 2,Flamer
731,731,663,Talonflame,Flamer,Flying,78,81,71,74,69,126,Test 1,Test 2,Flamer
732,732,664,Scatterbug,Bug,,38,35,40,27,25,35,Test 1,Test 2,
733,733,665,Spewpa,Bug,,45,22,60,27,30,29,Test 1,Test 2,
734,734,666,Vivillon,Bug,Flying,80,52,50,90,50,89,Test 1,Test 2,
735,735,667,Litleo,Flamer,Normal,62,50,58,73,54,72,Test 1,Test 2,Flamer
736,736,668,Pyroar,Flamer,Normal,86,68,72,109,66,106,Test 1,Test 2,Flamer
737,737,669,Flabébé,Fairy,,44,38,39,61,79,42,Test 1,Test 2,
738,738,670,Floette,Fairy,,54,45,47,75,98,52,Test 1,Test 2,
739,739,671,Florges,Fairy,,78,65,68,112,154,75,Test 1,Test 2,
740,740,672,Skiddo,Grass,,66,65,48,62,57,52,Test 1,Test 2,
741,741,673,Gogoat,Grass,,123,100,62,97,81,68,Test 1,Test 2,
742,742,674,Pancham,Fighting,,67,82,62,46,48,43,Test 1,Test 2,
743,743,675,Pangoro,Fighting,Dark,95,124,78,69,71,58,Test 1,Test 2,
744,744,676,Furfrou,Normal,,75,80,60,65,90,102,Test 1,Test 2,
745,745,677,Espurr,Psychic,,62,48,54,63,60,68,Test 1,Test 2,
746,746,678,MeowsticMale,Psychic,,74,48,76,83,81,104,Test 1,Test 2,
747,747,678,MeowsticFemale,Psychic,,74,48,76,83,81,104,Test 1,Test 2,
748,748,679,Honedge,Steel,Ghost,45,80,100,35,37,28,Test 1,Test 2,
749,749,680,Doublade,Steel,Ghost,59,110,150,45,49,35,Test 1,Test 2,
750,750,681,AegislashBlade Forme,Steel,Ghost,60,150,50,150,50,60,Test 1,Test 2,
751,751,681,AegislashShield Forme,Steel,Ghost,60,50,150,50,150,60,Test 1,Test 2,
752,752,682,Spritzee,Fairy,,78,52,60,63,65,23,Test 1,Test 2,
753,753,683,Aromatisse,Fairy,,101,72,72,99,89,29,Test 1,Test 2,
754,754,684,Swirlix,Fairy,,62,48,66,59,57,49,Test 1,Test 2,
755,755,685,Slurpuff,Fairy,,82,80,86,85,75,72,Test 1,Test 2,
756,756,686,Inkay,Dark,Psychic,53,54,53,37,46,45,Test 1,Test 2,
757,757,687,Malamar,Dark,Psychic,86,92,88,68,75,73,Test 1,Test 2,
758,758,688,Binacle,Rock,Water,42,52,67,39,56,50,Test 1,Test 2,
759,759,689,Barbaracle,Rock,Water,72,105,115,54,86,68,Test 1,Test 2,
760,760,690,Skrelp,Poison,Water,50,60,60,60,60,30,Test 1,Test 2,
761,761,691,Dragalge,Poison,Dragon,65,75,90,97,123,44,Test 1,Test 2,
762,762,692,Clauncher,Water,,50,53,62,58,63,44,Test 1,Test 2,
763,763,693,Clawitzer,Water,,71,73,88,120,89,59,Test 1,Test 2,
764,764,694,Helioptile,Electric,Normal,44,38,33,61,43,70,Test 1,Test 2,
765,765,695,Heliolisk,Electric,Normal,62,55,52,109,94,109,Test 1,Test 2,
766,766,696,Tyrunt,Rock,Dragon,58,89,77,45,45,48,Test 1,Test 2,
767,767,697,Tyrantrum,Rock,Dragon,82,121,119,69,59,71,Test 1,Test 2,
768,768,698,Amaura,Rock,Ice,77,59,50,67,63,46,Test 1,Test 2,
769,769,699,Aurorus,Rock,Ice,123,77,72,99,92,58,Test 1,Test 2,
770,770,700,Sylveon,Fairy,,95,65,65,110,130,60,Test 1,Test 2,
771,771,701,Hawlucha,Fighting,Flying,78,92,75,74,63,118,Test 1,Test 2,
772,772,702,Dedenne,Electric,Fairy,67,58,57,81,67,101,Test 1,Test 2,
773,773,703,Carbink,Rock,Fairy,50,50,150,50,150,50,Test 1,Test 2,
774,774,704,Goomy,Dragon,,45,50,35,55,75,40,Test 1,Test 2,
775,775,705,Sliggoo,Dragon,,68,75,53,83,113,60,Test 1,Test 2,
776,776,706,Goodra,Dragon,,90,100,70,110,150,80,Test 1,Test 2,
777,777,707,Klefki,Steel,Fairy,57,80,91,80,87,75,Test 1,Test 2,
778,778,708,Phantump,Ghost,Grass,43,70,48,50,60,38,Test 1,Test 2,
779,779,709,Trevenant,Ghost,Grass,85,110,76,65,82,56,Test 1,Test 2,
780,780,710,PumpkabooAverage Size,Ghost,Grass,49,66,70,44,55,51,Test 1,Test 2,
781,781,710,PumpkabooSmall Size,Ghost,Grass,44,66,70,44,55,56,Test 1,Test 2,
782,782,710,PumpkabooLarge Size,Ghost,Grass,54,66,70,44,55,46,Test 1,Test 2,
783,783,710,PumpkabooSuper Size,Ghost,Grass,59,66,70,44,55,41,Test 1,Test 2,
784,784,711,GourgeistAverage Size,Ghost,Grass,65,90,122,58,75,84,Test 1,Test 2,
785,785,711,GourgeistSmall Size,Ghost,Grass,55,85,122,58,75,99,Test 1,Test 2,
786,786,711,GourgeistLarge Size,Ghost,Grass,75,95,122,58,75,69,Test 1,Test 2,
787,787,711,GourgeistSuper Size,Ghost,Grass,85,100,122,58,75,54,Test 1,Test 2,
788,788,712,Bergmite,Ice,,55,69,85,32,35,28,Test 1,Test 2,
789,789,713,Avalugg,Ice,,95,117,184,44,46,28,Test 1,Test 2,
790,790,714,Noibat,Flying,Dragon,40,30,35,45,40,55,Test 1,Test 2,
791,791,715,Noivern,Flying,Dragon,85,70,80,97,80,123,Test 1,Test 2,
792,792,716,Xerneas,Fairy,,126,131,95,131,98,99,Test 1,Test 2,
793,793,717,Yveltal,Dark,Flying,126,131,95,131,98,99,Test 1,Test 2,
794,794,718,Zygarde50% Forme,Dragon,Ground,108,100,121,81,95,95,Test 1,Test 2,
795,795,719,Diancie,Rock,Fairy,50,100,150,100,150,50,Test 1,Test 2,
796,796,719,DiancieMega Diancie,Rock,Fairy,50,160,110,160,110,110,Test 1,Test 2,
797,797,720,HoopaHoopa Confined,Psychic,Ghost,80,110,60,150,130,70,Test 1,Test 2,
798,798,720,HoopaHoopa Unbound,Psychic,Dark,80,160,60,170,130,80,Test 1,Test 2,
799,799,721,Volcanion,Flamer,Water,80,110,120,130,90,70,Test 1,Test 2,Flamer
